"workflow","run","status","trigger","nodes","delivered","content_ok","content_note"
"01","1","success","Manual Trigger","5","true","true",""
"01","2","success","Manual Trigger","5","true","true",""
"01","3","success","Manual Trigger","5","true","true",""
"02","1","success","Daily 9 AM Trigger","8","true","false","PSI Mobile did not return: accessibility best-practices seo"
"02","2","success","Daily 9 AM Trigger","8","true","false","PSI Mobile did not return: accessibility best-practices seo"
"02","3","success","Daily 9 AM Trigger","8","true","false","PSI Mobile did not return: accessibility best-practices seo"
"03","1","success","Every 6 Hours","9","true","true",""
"03","2","success","Every 6 Hours","9","true","true",""
"03","3","success","Every 6 Hours","9","true","true",""
"04","1","success","Manual Trigger (Sheet mode)","9","true","true",""
"04","2","success","Manual Trigger (Sheet mode)","9","true","true",""
"04","3","success","Manual Trigger (Sheet mode)","9","true","true",""
"05","1","success","Schedule — 1ro de cada mes 08:00","6","true","true",""
"05","2","success","Schedule — 1ro de cada mes 08:00","6","true","true",""
"05","3","success","Schedule — 1ro de cada mes 08:00","6","true","true",""
"06a","1","success","Manual Trigger","6","true","true",""
"06a","2","success","Manual Trigger","6","true","true",""
"06a","3","success","Manual Trigger","6","true","true",""
"06b","1","success","Manual Trigger","6","true","true",""
"06b","2","success","Manual Trigger","6","true","true",""
"06b","3","success","Manual Trigger","6","true","true",""
"07","1","success","Manual Trigger","5","true","false","no dispatch summary"
"07","2","success","Manual Trigger","5","true","false","no dispatch summary"
"07","3","success","Manual Trigger","5","true","false","no dispatch summary"
